Product Name,Price,Sales,Stock
Results,N/A,N/A,In Stock
Meta Quest 3S 128GB — Get Batman: Arkham Shadow and a 3-Month Trial of Meta Quest+ Included — All-in-One Headset,N/A,N/A,890
"JBL CHARGE 5 - Portable Waterproof (IP67) Bluetooth Speaker with Powerbank USB Charge out, 20 hours playtime, JBL Partyboost (Black)",N/A,N/A,"30,065"
Canon EOS Rebel T7 DSLR Camera with 18-55mm Lens | Built-in Wi-Fi | 24.1 MP CMOS Sensor | DIGIC 4+ Image Processor and Full HD Videos,N/A,N/A,"7,397"
"Bose New SoundLink Flex Portable Bluetooth Speaker (2nd Gen), Portable Outdoor Speaker with Hi-Fi Audio, Up to 12 Hours Battery Life, Waterproof and Dustproof, Sandstone",N/A,N/A,638
"Apple iPad (10.2-Inch, Wi-Fi, 32GB) - Space Gray (Renewed)",N/A,N/A,"Options:
2 sizes"
"Bose QuietComfort Wireless Noise Cancelling Headphones, Bluetooth Over Ear Headphones with Up to 24 Hours of Battery Life, Chilled Lilac - Limited Edition Color",N/A,N/A,"7,113"
"GoPro HERO12 Black - Waterproof Action Camera with 5.3K60 Ultra HD Video, 27MP Photos, HDR, 1/1.9"" Image Sensor, Live Streaming, Webcam, Stabilization",N/A,N/A,348
"JBL Tune Flex - True Wireless Noise Cancelling Earbuds (Black), Small",N/A,N/A,"6,759"
"HP 14 Laptop, Intel Celeron N4020, 4 GB RAM, 64 GB Storage, 14-inch Micro-edge HD Display, Windows 11 Home, Thin & Portable, 4K Graphics, One Year of Microsoft 365 (14-dq0040nr, Snowflake White)",N/A,N/A,"1,988"
"Mini Projector, VISSPL Full HD 1080P Video Projector, Portable Outdoor Projector with Tripod, Kids Gift, Home Theater Movie Phone Projector Compatible with Android/iOS/Windows/TV Stick/HDMI/USB",N/A,N/A,"1,951"
"Marshall Acton III Bluetooth Home Speaker, Black",N/A,N/A,754
"INIU Wireless Charger, 15W Fast Qi-Certified Wireless Charging Station with Sleep-Friendly Adaptive Light Compatible with iPhone 16 15 14 13 Pro XS 8 Plus Samsung Galaxy S23 S22 S21 Note 20 Google etc",N/A,N/A,"31,641"
"SanDisk 2TB Extreme Portable SSD - Up to 1050MB/s, USB-C, USB 3.2 Gen 2, IP65 Water and Dust Resistance, Updated Firmware - External Solid State Drive - SDSSDE61-2T00-G25",N/A,N/A,"70,590"
"Canon EOS R6 Mark II Mirrorless Camera (Body Only), Full-Frame Camera, 24.2 Megapixel CMOS Sensor, Photo and Video Capabilities, Black",N/A,N/A,466
"Sony WH-1000XM4 Wireless Premium Noise Canceling Overhead Headphones with Mic for Phone-Call and Alexa Voice Control, Black WH1000XM4",N/A,N/A,"58,497"
"Aura Digital Picture Frame - 10.1"" HD Mat Display | Wirecutter's Best Digital Frame for Gifting - Send Photos Directly from Your Phone from Anywhere | Quick & Easy Setup Over WiFi - Free App | Black",N/A,N/A,"14,327"
Related searches,N/A,N/A,In Stock
Need help?,N/A,N/A,In Stock
